Brand,Model,Range (km),Efficiency (Wh/km),Battery (kWh)
Tesla,Model 3,420 km,137 Wh/km,"57,5 kWh"
Kia,EV3 Long Range,455 km,171 Wh/km,"78,0 kWh"
BYD,ATTO 3,330 km,183 Wh/km,"60,5 kWh"
Tesla,Model Y,350 km,164 Wh/km,"57,5 kWh"
Tesla,Model 3 Long Range RWD,545 km,138 Wh/km,"75,0 kWh"
Tesla,Model Y Long Range Dual Motor,445 km,169 Wh/km,"75,0 kWh"
Tesla,Model Y RWD,350 km,164 Wh/km,"57,5 kWh"
Tesla,Model 3 Long Range Dual Motor,525 km,143 Wh/km,"75,0 kWh"
Mercedes-Benz,CLA 250+,565 km,150 Wh/km,"85,0 kWh"
MG,MG4 Electric 64 kWh,360 km,171 Wh/km,"61,7 kWh"
Tesla,Model 3,405 km,142 Wh/km,"57,5 kWh"
BYD,HAN,475 km,180 Wh/km,"85,4 kWh"
BMW,i3 120 Ah,235 km,161 Wh/km,"37,9 kWh"
Tesla,Model 3 Long Range Dual Motor,455 km,162 Wh/km,"73,5 kWh"
BMW,iX xDrive40,360 km,197 Wh/km,"71,0 kWh"
Skoda,Elroq 85,450 km,171 Wh/km,"77,0 kWh"
BYD,DOLPHIN 60.4 kWh,350 km,173 Wh/km,"60,5 kWh"
Renault,5 E-Tech 52kWh 150hp,320 km,163 Wh/km,"52,0 kWh"
Audi,e-tron 55 quattro,365 km,237 Wh/km,"86,5 kWh"
Tesla,Model Y Long Range RWD,460 km,163 Wh/km,"75,0 kWh"
Mercedes-Benz,EQS 450+,690 km,171 Wh/km,"118,0 kWh"
BYD,SEAL 82.5 kWh AWD Excellence,445 km,185 Wh/km,"82,5 kWh"
BMW,i4 eDrive40,515 km,157 Wh/km,"80,7 kWh"
Volkswagen,ID.4 Pro,445 km,173 Wh/km,"77,0 kWh"
Tesla,Model S Plaid,560 km,170 Wh/km,"95,0 kWh"
Hyundai,Kona Electric 65 kWh,390 km,168 Wh/km,"65,4 kWh"
Volkswagen,e-Golf,190 km,168 Wh/km,"32,0 kWh"
Tesla,Model Y Performance,430 km,174 Wh/km,"75,0 kWh"
Kia,Niro EV,385 km,168 Wh/km,"64,8 kWh"
KGM,Torres EVX,370 km,195 Wh/km,"72,0 kWh"
Hyundai,IONIQ 5 84 kWh RWD,450 km,178 Wh/km,"80,0 kWh"
Mazda,6e,390 km,169 Wh/km,"66,0 kWh"
Fiat,500e Hatchback 42 kWh,235 km,159 Wh/km,"37,3 kWh"
BMW,iX1 xDrive30,380 km,170 Wh/km,"64,7 kWh"
BYD,SEALION 7 91.3 kWh AWD Excellence,435 km,210 Wh/km,"91,3 kWh"
Tesla,Model 3 Standard Range Plus,320 km,153 Wh/km,"49,0 kWh"
Kia,EV3 Standard Range,325 km,169 Wh/km,"55,0 kWh"
Toyota,bZ4X FWD,350 km,183 Wh/km,"64,0 kWh"
Mercedes-Benz,CLA 350 4MATIC,550 km,155 Wh/km,"85,0 kWh"
Renault,Scenic E-Tech EV87 220hp,480 km,181 Wh/km,"87,0 kWh"
Volvo,EX30 Single Motor ER,360 km,178 Wh/km,"64,0 kWh"
CUPRA,Born 150 kW - 58 kWh,350 km,166 Wh/km,"58,0 kWh"
Hyundai,INSTER Long Range,295 km,156 Wh/km,"46,0 kWh"
Mercedes-Benz,EQC 400 4MATIC,370 km,216 Wh/km,"80,0 kWh"
Nissan,Leaf,235 km,166 Wh/km,"39,0 kWh"
Tesla,Model 3 Standard Range Plus,350 km,146 Wh/km,"51,0 kWh"
Tesla,Model Y Long Range AWD,450 km,167 Wh/km,"75,0 kWh"
Mercedes-Benz,EQB 250+,415 km,170 Wh/km,"70,5 kWh"
BYD,ATTO 2,245 km,184 Wh/km,"45,1 kWh"
Renault,Megane E-Tech EV60 220hp,380 km,158 Wh/km,"60,0 kWh"
Mini,Countryman E,380 km,170 Wh/km,"64,6 kWh"
BMW,iX3,385 km,192 Wh/km,"74,0 kWh"
Kia,EV4 Hatchback Long Range,475 km,164 Wh/km,"78,0 kWh"
Kia,EV6 Long Range 2WD,410 km,180 Wh/km,"74,0 kWh"
Hyundai,IONIQ 6 Long Range 2WD,495 km,149 Wh/km,"74,0 kWh"
Tesla,Model 3 Performance,490 km,153 Wh/km,"75,0 kWh"
Kia,EV4 Sedan Long Range,495 km,158 Wh/km,"78,0 kWh"
Citroen,e-C3,260 km,169 Wh/km,"44,0 kWh"
Hyundai,Kona Electric 64 kWh,390 km,164 Wh/km,"64,0 kWh"
Tesla,Model S Dual Motor,575 km,165 Wh/km,"95,0 kWh"
Zeekr,7X Long Range RWD,510 km,184 Wh/km,"94,0 kWh"
Hyundai,IONIQ Electric,250 km,153 Wh/km,"38,3 kWh"
Renault,Zoe ZE50 R110,315 km,165 Wh/km,"52,0 kWh"
Volkswagen,ID.7 Pro,475 km,162 Wh/km,"77,0 kWh"
MG,ZS EV Long Range,370 km,185 Wh/km,"68,3 kWh"
Mini,Cooper SE,180 km,161 Wh/km,"28,9 kWh"
BMW,iX1 eDrive20,390 km,166 Wh/km,"64,7 kWh"
Audi,e-tron 50 quattro,280 km,231 Wh/km,"64,7 kWh"
Skoda,Enyaq 85,460 km,167 Wh/km,"77,0 kWh"
Volkswagen,ID.7 Pro S,525 km,164 Wh/km,"86,0 kWh"
Mercedes-Benz,EQA 250,395 km,168 Wh/km,"66,5 kWh"
Tesla,Model 3 Long Range Dual Motor,485 km,155 Wh/km,"75,0 kWh"
Leapmotor,T03,230 km,157 Wh/km,"36,0 kWh"
Audi,A6 Sportback e-tron performance,600 km,158 Wh/km,"94,9 kWh"
Audi,Q4 e-tron 40,405 km,189 Wh/km,"76,6 kWh"
XPENG,G6 RWD Long Range,480 km,182 Wh/km,"87,5 kWh"
BMW,i4 eDrive40,515 km,158 Wh/km,"81,3 kWh"
BYD,SEAL U 87 kWh Design,425 km,205 Wh/km,"87,0 kWh"
Tesla,Model Y Long Range RWD,455 km,165 Wh/km,"75,0 kWh"
Skoda,Enyaq iV 80,440 km,175 Wh/km,"77,0 kWh"
CUPRA,Born 170 kW - 77 kWh,450 km,171 Wh/km,"77,0 kWh"
Peugeot,e-3008 97 kWh Long Range,500 km,194 Wh/km,"96,9 kWh"
Tesla,Model 3 Long Range Dual Motor,465 km,155 Wh/km,"72,0 kWh"
Nissan,Ariya 87kWh,450 km,193 Wh/km,"87,0 kWh"
Volkswagen,ID.3 Pro,350 km,166 Wh/km,"58,0 kWh"
Hyundai,INSTER Standard Range,250 km,156 Wh/km,"39,0 kWh"
Tesla,Model S 75D,380 km,191 Wh/km,"72,5 kWh"
Audi,Q4 e-tron 45,420 km,183 Wh/km,"77,0 kWh"
Kia,EV6 Long Range 2WD,460 km,174 Wh/km,"80,0 kWh"
BYD,TANG Flagship,460 km,237 Wh/km,"108,8 kWh"
Rolls-Royce,Spectre,465 km,219 Wh/km,"102,0 kWh"
Hyundai,Kona Electric 64 kWh,390 km,164 Wh/km,"64,0 kWh"
Ford,Explorer Extended Range RWD,435 km,177 Wh/km,"77,0 kWh"
Audi,Q6 e-tron quattro,480 km,198 Wh/km,"94,9 kWh"
Audi,A6 Avant e-tron performance,565 km,168 Wh/km,"94,9 kWh"
BYD,TANG,355 km,243 Wh/km,"86,4 kWh"
BYD,SEALION 7 82.5 kWh RWD Comfort,425 km,194 Wh/km,"82,5 kWh"
Fiat,Grande Panda,260 km,168 Wh/km,"43,8 kWh"
BYD,SEAL 82.5 kWh RWD Design,480 km,172 Wh/km,"82,5 kWh"
Kia,e-Niro 64 kWh,375 km,171 Wh/km,"64,0 kWh"
Volvo,ES90 Twin Motor,530 km,192 Wh/km,"102,0 kWh"
Skoda,Elroq 60,350 km,169 Wh/km,"59,0 kWh"
Hongqi,E-HS9 99 kWh,370 km,243 Wh/km,"90,0 kWh"
Lynk&Co,02,375 km,176 Wh/km,"66,0 kWh"
Hyundai,IONIQ 5 Long Range AWD,385 km,192 Wh/km,"74,0 kWh"
Tesla,Model Y Long Range AWD Launch Series,450 km,167 Wh/km,"75,0 kWh"
Renault,4 E-Tech 52kWh 150hp,315 km,165 Wh/km,"52,0 kWh"
BMW,iX xDrive50,505 km,208 Wh/km,"105,2 kWh"
MG,MG4 Electric 51 kWh,300 km,169 Wh/km,"50,8 kWh"
Skoda,Enyaq 85,450 km,171 Wh/km,"77,0 kWh"
Opel,Corsa-e,295 km,157 Wh/km,"46,3 kWh"
Tesla,Model S 100D,485 km,196 Wh/km,"95,0 kWh"
Nissan,Leaf,235 km,166 Wh/km,"39,0 kWh"
Citroen,e-C4,290 km,160 Wh/km,"46,3 kWh"
Dacia,Spring Electric 45,165 km,152 Wh/km,"25,0 kWh"
Mercedes-Benz,G 580,360 km,322 Wh/km,"116,0 kWh"
BMW,i5 eDrive40 Sedan,470 km,173 Wh/km,"81,2 kWh"
Volkswagen,ID.4 Pro Performance,410 km,188 Wh/km,"77,0 kWh"
Kia,EV9 99.8 kWh AWD,435 km,221 Wh/km,"96,0 kWh"
Tesla,Model 3 Standard Range Plus LFP,350 km,150 Wh/km,"52,5 kWh"
Hyundai,IONIQ 5 Long Range 2WD,390 km,190 Wh/km,"74,0 kWh"
BMW,i4 M50,450 km,179 Wh/km,"80,7 kWh"
Toyota,bZ4X AWD,345 km,186 Wh/km,"64,0 kWh"
Peugeot,e-3008 73 kWh,380 km,192 Wh/km,"73,0 kWh"
Peugeot,e-208,285 km,162 Wh/km,"46,3 kWh"
Dongfeng,Box 42.3 kWh,255 km,157 Wh/km,"40,0 kWh"
Polestar,2 Long Range Single Motor,420 km,179 Wh/km,"75,0 kWh"
BYD,SEAL U 71.8 kWh Comfort,360 km,199 Wh/km,"71,8 kWh"
Hyundai,IONIQ Electric,190 km,147 Wh/km,"28,0 kWh"
Lexus,RZ 450e,350 km,183 Wh/km,"64,0 kWh"
BMW,i4 eDrive35,430 km,156 Wh/km,"67,1 kWh"
MG,ZS EV,220 km,193 Wh/km,"42,5 kWh"
Tesla,Model 3 Performance,470 km,162 Wh/km,"76,0 kWh"
Honda,e:Ny1,335 km,185 Wh/km,"61,9 kWh"
Volvo,EX40 Single Motor ER,400 km,198 Wh/km,"79,0 kWh"
Polestar,4 Long Range Single Motor,495 km,190 Wh/km,"94,0 kWh"
MG,MG5 Electric Long Range,335 km,171 Wh/km,"57,4 kWh"
Zeekr,7X Performance AWD,475 km,198 Wh/km,"94,0 kWh"
Audi,Q8 e-tron 55 quattro,505 km,210 Wh/km,"106,0 kWh"
Lucid,Air Dream Edition R,685 km,172 Wh/km,"118,0 kWh"
XPENG,G9 RWD Long Range,480 km,194 Wh/km,"93,1 kWh"
Porsche,Macan 4 Electric,485 km,196 Wh/km,"95,0 kWh"
Mazda,MX-30,170 km,176 Wh/km,"30,0 kWh"
Hyundai,IONIQ 6 Standard Range 2WD,335 km,149 Wh/km,"50,0 kWh"
Jeep,Avenger Electric,310 km,164 Wh/km,"50,8 kWh"
BMW,i7 xDrive60,510 km,199 Wh/km,"101,7 kWh"
Opel,Grandland 73 kWh,365 km,200 Wh/km,"73,0 kWh"
NIO,ET5 Long Range,500 km,180 Wh/km,"90,0 kWh"
Zeekr,001 Performance AWD,480 km,196 Wh/km,"94,0 kWh"
Hyundai,IONIQ 5 84 kWh AWD,440 km,182 Wh/km,"80,0 kWh"
Peugeot,e-5008 73 kWh,370 km,197 Wh/km,"73,0 kWh"
Leapmotor,C10,355 km,197 Wh/km,"69,9 kWh"
Tesla,Model X 100D,435 km,218 Wh/km,"95,0 kWh"
Volkswagen,ID.3 Pro,350 km,166 Wh/km,"58,0 kWh"
Volkswagen,ID.7 Tourer Pro S,520 km,165 Wh/km,"86,0 kWh"
Smart,EQ fortwo coupe,100 km,167 Wh/km,"16,7 kWh"
Hyundai,IONIQ 5 Standard Range 2WD,295 km,183 Wh/km,"54,0 kWh"
BYD,SEALION 7 82.5 kWh AWD Design,405 km,204 Wh/km,"82,5 kWh"
BMW,iX xDrive60,525 km,208 Wh/km,"109,1 kWh"
Tesla,Model 3 Performance,460 km,163 Wh/km,"75,0 kWh"
XPENG,G6 RWD Standard Range,370 km,178 Wh/km,"66,0 kWh"
Volvo,ES90 Twin Motor Performance,530 km,192 Wh/km,"102,0 kWh"
Dacia,Spring Electric 45,165 km,152 Wh/km,"25,0 kWh"
Hyundai,IONIQ 6 Long Range AWD,440 km,168 Wh/km,"74,0 kWh"
Polestar,2 Long Range Dual Motor,390 km,192 Wh/km,"75,0 kWh"
Peugeot,e-2008 SUV,260 km,178 Wh/km,"46,3 kWh"
Peugeot,e-5008 97 kWh Long Range,485 km,200 Wh/km,"96,9 kWh"
Skoda,Enyaq iV 60,340 km,171 Wh/km,"58,0 kWh"
DS,N°8 AWD Long Range,535 km,182 Wh/km,"97,2 kWh"
Volkswagen,ID.4 Pure,285 km,182 Wh/km,"52,0 kWh"
Mercedes-Benz,EQE 350+,555 km,173 Wh/km,"96,0 kWh"
Zeekr,001 Long Range RWD,505 km,186 Wh/km,"94,0 kWh"
Lucid,Air Grand Touring,665 km,168 Wh/km,"112,0 kWh"
Polestar,4 Long Range Dual Motor,485 km,194 Wh/km,"94,0 kWh"
Renault,Megane E-Tech EV60 220hp,380 km,158 Wh/km,"60,0 kWh"
MG,Cyberster GT,400 km,186 Wh/km,"74,4 kWh"
Volkswagen,ID.7 Tourer GTX,480 km,179 Wh/km,"86,0 kWh"
BMW,i4 eDrive35,430 km,156 Wh/km,"67,0 kWh"
Audi,e-tron GT quattro,420 km,202 Wh/km,"85,0 kWh"
Voyah,Free 106 kWh,480 km,208 Wh/km,"100,0 kWh"
DS,N°8 FWD Long Range,555 km,175 Wh/km,"97,2 kWh"
Nissan,Leaf e+,345 km,171 Wh/km,"59,0 kWh"
MG,MG4 Electric 77 kWh,425 km,175 Wh/km,"74,4 kWh"
Polestar,2 Long Range Single Motor,475 km,166 Wh/km,"79,0 kWh"
Tesla,Model S 85D,420 km,192 Wh/km,"80,8 kWh"
Opel,Mokka-e 50 kWh,260 km,178 Wh/km,"46,3 kWh"
Mercedes-Benz,EQA 250+,420 km,168 Wh/km,"70,5 kWh"
Skoda,Elroq 50,310 km,168 Wh/km,"52,0 kWh"
Tesla,Model 3 Long Range Dual Motor,490 km,155 Wh/km,"76,0 kWh"
Volvo,EX30 Single Motor,275 km,178 Wh/km,"49,0 kWh"
Peugeot,e-2008 54 kWh,300 km,169 Wh/km,"50,8 kWh"
CUPRA,Tavascan Endurance,445 km,173 Wh/km,"77,0 kWh"
Hyundai,IONIQ 5 63 kWh RWD,345 km,174 Wh/km,"60,0 kWh"
Honda,e,170 km,168 Wh/km,"28,5 kWh"
Tesla,Model S 85,405 km,199 Wh/km,"80,8 kWh"
Hyundai,IONIQ 5 N,390 km,205 Wh/km,"80,0 kWh"
Kia,EV6 Long Range AWD,450 km,178 Wh/km,"80,0 kWh"
Mini,Cooper SE,330 km,149 Wh/km,"49,2 kWh"
Ford,Puma Gen-E,275 km,159 Wh/km,"43,6 kWh"
BMW,iX xDrive45,470 km,202 Wh/km,"94,8 kWh"
Tesla,Model S 90D,455 km,188 Wh/km,"85,5 kWh"
Hyundai,IONIQ 9 Long Range AWD,480 km,221 Wh/km,"106,0 kWh"
Volkswagen,ID.5 Pro,455 km,169 Wh/km,"77,0 kWh"
Audi,A6 Sportback e-tron quattro,585 km,162 Wh/km,"94,9 kWh"
Renault,Zoe ZE50 R135,310 km,168 Wh/km,"52,0 kWh"
Hyundai,IONIQ 5 Long Range 2WD,370 km,189 Wh/km,"70,0 kWh"
Volkswagen,ID. Buzz Pro,345 km,223 Wh/km,"77,0 kWh"
Kia,EV6 Long Range AWD,400 km,185 Wh/km,"74,0 kWh"
Ford,Capri Extended Range AWD,455 km,174 Wh/km,"79,0 kWh"
BMW,iX2 xDrive30,385 km,168 Wh/km,"64,7 kWh"
Kia,EV6 GT,360 km,206 Wh/km,"74,0 kWh"
Opel,Corsa Electric 51 kWh,315 km,153 Wh/km,"48,1 kWh"
NIO,ET7 Standard Range,415 km,177 Wh/km,"73,5 kWh"
Tesla,Model S P100D,475 km,200 Wh/km,"95,0 kWh"
Mercedes-Benz,EQE 300,525 km,170 Wh/km,"89,0 kWh"
CUPRA,Born 170 kW - 77 kWh,460 km,167 Wh/km,"77,0 kWh"
Tesla,Model S Long Range,530 km,179 Wh/km,"95,0 kWh"
Subaru,Solterra AWD,320 km,200 Wh/km,"64,0 kWh"
BMW,iX2 eDrive20,395 km,164 Wh/km,"64,7 kWh"
Volkswagen,e-Up!,205 km,158 Wh/km,"32,3 kWh"
XPENG,G6 AWD Performance,475 km,184 Wh/km,"87,5 kWh"
Smart,#1 Pro+,335 km,185 Wh/km,"62,0 kWh"
Smart,#3 Brabus,335 km,185 Wh/km,"62,0 kWh"
Tesla,Model 3 Long Range Performance,440 km,167 Wh/km,"73,5 kWh"
Porsche,Macan Electric,510 km,186 Wh/km,"95,0 kWh"
Mercedes-Benz,EQS SUV 450 4MATIC,530 km,223 Wh/km,"118,0 kWh"
Hyundai,Kona Electric 48 kWh,295 km,164 Wh/km,"48,4 kWh"
CUPRA,Tavascan VZ,425 km,181 Wh/km,"77,0 kWh"
Volvo,EX90 Twin Motor,465 km,230 Wh/km,"107,0 kWh"
Volkswagen,ID.7 Tourer Pro,470 km,164 Wh/km,"77,0 kWh"
Ford,Capri Extended Range RWD,455 km,169 Wh/km,"77,0 kWh"
Porsche,Taycan Plus,575 km,169 Wh/km,"97,0 kWh"
Volkswagen,ID.3 Pure,320 km,163 Wh/km,"52,0 kWh"
Renault,Twingo Electric,135 km,158 Wh/km,"21,3 kWh"
Porsche,Taycan 4S,395 km,180 Wh/km,"71,0 kWh"
Peugeot,e-208 51 kWh,310 km,155 Wh/km,"48,1 kWh"
Mercedes-Benz,B 250e,150 km,187 Wh/km,"28,0 kWh"
Kia,EV6 Standard Range 2WD,355 km,169 Wh/km,"60,0 kWh"
Volvo,EX30 Twin Motor Performance,335 km,191 Wh/km,"64,0 kWh"
Hyundai,Kona Electric 39 kWh,245 km,160 Wh/km,"39,2 kWh"
Peugeot,e-2008 SUV,270 km,171 Wh/km,"46,3 kWh"
Volvo,ES90 Single Motor,485 km,181 Wh/km,"88,0 kWh"
Tesla,Model X Dual Motor,485 km,196 Wh/km,"95,0 kWh"
BMW,i4 M50,450 km,181 Wh/km,"81,3 kWh"
Tesla,Model Y Long Range Dual Motor,425 km,169 Wh/km,"72,0 kWh"
Volvo,XC40 Recharge Pure Electric,330 km,203 Wh/km,"67,0 kWh"
Dacia,Spring Electric 65,160 km,156 Wh/km,"25,0 kWh"
MG,ZS EV Standard Range,265 km,185 Wh/km,"49,0 kWh"
Volkswagen,ID.3 Pro S,450 km,171 Wh/km,"77,0 kWh"
Audi,Q6 e-tron performance,490 km,194 Wh/km,"94,9 kWh"
Porsche,Taycan,410 km,173 Wh/km,"71,0 kWh"
Ford,Mustang Mach-E ER RWD,480 km,190 Wh/km,"91,0 kWh"
Mercedes-Benz,EQS 450+,635 km,170 Wh/km,"107,8 kWh"
Volkswagen,ID.3 Pro,360 km,164 Wh/km,"59,0 kWh"
Lotus,Eletre,495 km,220 Wh/km,"109,0 kWh"
Polestar,2,390 km,192 Wh/km,"75,0 kWh"
Mercedes-Benz,EQB 300 4MATIC,345 km,193 Wh/km,"66,5 kWh"
Mazda,6e Long Range,440 km,170 Wh/km,"75,0 kWh"
Mercedes-Benz,EQS 580 4MATIC,590 km,184 Wh/km,"108,4 kWh"
Opel,Astra Electric,320 km,159 Wh/km,"50,8 kWh"
Polestar,2 Long Range Single Motor,470 km,168 Wh/km,"79,0 kWh"
BMW,i3 94 Ah,165 km,165 Wh/km,"27,2 kWh"
Tesla,Model 3 Long Range RWD,475 km,155 Wh/km,"73,5 kWh"
Audi,e-tron GT RS,405 km,210 Wh/km,"85,0 kWh"
MG,Marvel R,365 km,192 Wh/km,"70,0 kWh"
Audi,Q4 e-tron 50 quattro,385 km,199 Wh/km,"76,6 kWh"
MG,MG4 Electric XPOWER,320 km,193 Wh/km,"61,7 kWh"
Nissan,Ariya 63kWh,335 km,188 Wh/km,"63,0 kWh"
Tesla,Model X Plaid,465 km,204 Wh/km,"95,0 kWh"
Skoda,Enyaq Coupe 85,470 km,164 Wh/km,"77,0 kWh"
XPENG,P7 RWD Long Range,495 km,167 Wh/km,"82,7 kWh"
Renault,5 E-Tech 40kWh 95hp,255 km,157 Wh/km,"40,0 kWh"
BMW,i5 M60 xDrive Sedan,420 km,193 Wh/km,"81,2 kWh"
Fiat,600e,310 km,164 Wh/km,"50,8 kWh"
Ford,Explorer Extended Range AWD,440 km,180 Wh/km,"79,0 kWh"
Citroen,e-C3 Aircross,250 km,176 Wh/km,"44,0 kWh"
Tesla,Model S Performance,535 km,183 Wh/km,"98,0 kWh"
Polestar,3 Long Range Single motor,500 km,214 Wh/km,"107,0 kWh"
Tesla,Model S P85D,390 km,207 Wh/km,"80,8 kWh"
Volkswagen,ID. Buzz LWB Pro,370 km,232 Wh/km,"86,0 kWh"
Volkswagen,ID.3 Pro Performance,350 km,166 Wh/km,"58,0 kWh"
Zeekr,X Privilege AWD,345 km,186 Wh/km,"64,0 kWh"
Citroen,e-C4 X 54 kWh,340 km,149 Wh/km,"50,8 kWh"
Opel,Frontera 44 kWh,250 km,176 Wh/km,"44,0 kWh"
CUPRA,Born VZ,465 km,170 Wh/km,"79,0 kWh"
Mercedes-Benz,EQE 350+,525 km,173 Wh/km,"90,6 kWh"
Volvo,EC40 Single Motor ER,420 km,188 Wh/km,"79,0 kWh"
CUPRA,Born 170 kW - 59 kWh,360 km,164 Wh/km,"59,0 kWh"
BMW,i3s 120 Ah,230 km,165 Wh/km,"37,9 kWh"
Peugeot,e-208,270 km,171 Wh/km,"46,3 kWh"
Volkswagen,e-Up!,205 km,158 Wh/km,"32,3 kWh"
Tesla,Model S 75,380 km,191 Wh/km,"72,5 kWh"
Smart,#1 Brabus,325 km,191 Wh/km,"62,0 kWh"
Volvo,EX90 Twin Motor Performance,450 km,238 Wh/km,"107,0 kWh"
Omoda,E5,345 km,177 Wh/km,"61,0 kWh"
Mercedes-Benz,EQE 350+,530 km,171 Wh/km,"90,6 kWh"
Mercedes-Benz,EQA 250,360 km,185 Wh/km,"66,5 kWh"
Mini,Cooper SE,180 km,161 Wh/km,"28,9 kWh"
Jaguar,I-Pace EV400,380 km,223 Wh/km,"84,7 kWh"
Hyundai,IONIQ 9 Long Range RWD,495 km,214 Wh/km,"106,0 kWh"
Tesla,Model S Long Range Plus,555 km,177 Wh/km,"98,0 kWh"
Volkswagen,ID.3 1st,350 km,166 Wh/km,"58,0 kWh"
Volkswagen,e-Golf,125 km,164 Wh/km,"20,5 kWh"
Renault,Zoe Q210,130 km,179 Wh/km,"23,3 kWh"
Audi,Q4 e-tron 35,285 km,182 Wh/km,"52,0 kWh"
Volvo,EX40 Single Motor,345 km,194 Wh/km,"67,0 kWh"
Kia,e-Niro 64 kWh,375 km,171 Wh/km,"64,0 kWh"
Audi,A6 Avant e-tron quattro,535 km,177 Wh/km,"94,9 kWh"
Maxus,MIFA 9,365 km,230 Wh/km,"84,0 kWh"
Skoda,Enyaq 85x,450 km,171 Wh/km,"77,0 kWh"
XPENG,G9 AWD Performance,465 km,200 Wh/km,"93,1 kWh"
Kia,EV9 99.8 kWh AWD GT-Line,425 km,226 Wh/km,"96,0 kWh"
Mercedes-Benz,EQS 450 4MATIC,660 km,179 Wh/km,"118,0 kWh"
BMW,i4 xDrive40,490 km,166 Wh/km,"81,3 kWh"
NIO,EL8 Long Range,440 km,205 Wh/km,"90,0 kWh"
Zeekr,X Long Range RWD,355 km,180 Wh/km,"64,0 kWh"
Tesla,Model X 75D,335 km,216 Wh/km,"72,5 kWh"
BMW,iX M60,485 km,217 Wh/km,"105,2 kWh"
Citroen,e-C4 X,285 km,162 Wh/km,"46,3 kWh"
Tesla,Model Y,350 km,164 Wh/km,"57,5 kWh"
Polestar,3 Long Range Dual motor,485 km,221 Wh/km,"107,0 kWh"
Alfa,Romeo Junior Elettrica 54 kWh,320 km,159 Wh/km,"50,8 kWh"
Audi,Q6 e-tron,395 km,192 Wh/km,"75,8 kWh"
Lancia,Ypsilon,310 km,155 Wh/km,"48,1 kWh"
XPENG,P7 Wing Edition,455 km,182 Wh/km,"82,7 kWh"
Volkswagen,ID.4 GTX,420 km,183 Wh/km,"77,0 kWh"
Nissan,Leaf 24 kWh,135 km,163 Wh/km,"22,0 kWh"
Kia,EV9 99.8 kWh RWD,450 km,213 Wh/km,"96,0 kWh"
Opel,Ampera-e,335 km,173 Wh/km,"58,0 kWh"
Volkswagen,ID.3 Pro,350 km,166 Wh/km,"58,0 kWh"
Volkswagen,ID.4 GTX,400 km,193 Wh/km,"77,0 kWh"
BMW,i3 60 Ah,115 km,163 Wh/km,"18,8 kWh"
Volkswagen,ID.3 GTX,460 km,172 Wh/km,"79,0 kWh"
Peugeot,e-308,300 km,169 Wh/km,"50,8 kWh"
Smart,#3 Premium,355 km,175 Wh/km,"62,0 kWh"
Lucid,Air Touring,580 km,159 Wh/km,"92,0 kWh"
Tesla,Model S 70D,350 km,190 Wh/km,"66,5 kWh"
Polestar,2 Standard Range Single Motor,415 km,164 Wh/km,"68,0 kWh"
Mercedes-Benz,EQE 350 4MATIC,510 km,175 Wh/km,"89,0 kWh"
Tesla,Model X P100D,420 km,226 Wh/km,"95,0 kWh"
Nissan,e-NV200 Evalia,170 km,218 Wh/km,"37,0 kWh"
Seres,3,260 km,196 Wh/km,"51,0 kWh"
VinFast,VF 9 Extended Range,515 km,239 Wh/km,"123,0 kWh"
Cadillac,Lyriq 600 E4,460 km,222 Wh/km,"102,0 kWh"
MG,Marvel R Performance,350 km,200 Wh/km,"70,0 kWh"
Peugeot,e-208 50 kWh,290 km,160 Wh/km,"46,3 kWh"
BMW,i5 eDrive40 Touring,455 km,178 Wh/km,"81,2 kWh"
Renault,5 E-Tech 40kWh 120hp,250 km,160 Wh/km,"40,0 kWh"
Alpine,A290 Electric 220 hp,305 km,170 Wh/km,"52,0 kWh"
Mercedes-Benz,EQV 300 Long,310 km,290 Wh/km,"90,0 kWh"
Polestar,2 Long Range Dual Motor,450 km,176 Wh/km,"79,0 kWh"
Audi,e-tron Sportback 55 quattro,380 km,228 Wh/km,"86,5 kWh"
Skoda,Enyaq iV 80x,425 km,181 Wh/km,"77,0 kWh"
Mercedes-Benz,EQB 350 4MATIC,340 km,196 Wh/km,"66,5 kWh"
Kia,EV6 GT,385 km,208 Wh/km,"80,0 kWh"
Mini,Cooper E,250 km,146 Wh/km,"36,6 kWh"
Volkswagen,ID.4 Pure,285 km,182 Wh/km,"52,0 kWh"
Volvo,XC40 Recharge Single Motor ER,400 km,198 Wh/km,"79,0 kWh"
Nissan,Leaf 30 kWh,170 km,165 Wh/km,"28,0 kWh"
Tesla,Model S P90D,415 km,206 Wh/km,"85,5 kWh"
BYD,DOLPHIN 44.9 kWh Active,265 km,169 Wh/km,"44,9 kWh"
Opel,Corsa-e,285 km,162 Wh/km,"46,3 kWh"
BMW,i7 M70 xDrive,490 km,208 Wh/km,"101,7 kWh"
Nissan,Leaf,125 km,176 Wh/km,"22,0 kWh"
Volkswagen,ID. Buzz LWB GTX,355 km,242 Wh/km,"86,0 kWh"
Mini,Aceman SE,290 km,170 Wh/km,"49,2 kWh"
Mercedes-Benz,EQS 450+,635 km,171 Wh/km,"108,4 kWh"
XPENG,G9 RWD Standard Range,395 km,192 Wh/km,"75,8 kWh"
Volkswagen,ID.3 Pure Performance,275 km,164 Wh/km,"45,0 kWh"
Volkswagen,ID.4 1st,410 km,188 Wh/km,"77,0 kWh"
Lexus,RZ 300e,365 km,175 Wh/km,"64,0 kWh"
Smart,EQ forfour,95 km,176 Wh/km,"16,7 kWh"
Volkswagen,ID.4 Pro,410 km,188 Wh/km,"77,0 kWh"
Maserati,GranTurismo Folgore,420 km,198 Wh/km,"83,0 kWh"
Dongfeng,Box 31.4 kWh,190 km,153 Wh/km,"29,0 kWh"
Zeekr,7X Premium RWD,390 km,182 Wh/km,"71,0 kWh"
Lexus,UX 300e,340 km,188 Wh/km,"64,0 kWh"
NIO,ET7 Long Range,505 km,178 Wh/km,"90,0 kWh"
Renault,Kangoo E-Tech Electric,225 km,200 Wh/km,"45,0 kWh"
Audi,e-tron GT S,540 km,180 Wh/km,"97,0 kWh"
Hyundai,IONIQ 5 Long Range AWD,365 km,192 Wh/km,"70,0 kWh"
Mercedes-Benz,EQE 300,525 km,170 Wh/km,"89,0 kWh"
Audi,Q4 e-tron 35,285 km,182 Wh/km,"52,0 kWh"
Renault,Scenic E-Tech EV60 170hp,340 km,176 Wh/km,"60,0 kWh"
Renault,Megane E-Tech EV60 130hp,380 km,158 Wh/km,"60,0 kWh"
Mazda,MX-30,170 km,176 Wh/km,"30,0 kWh"
Mercedes-Benz,EQE SUV 350 4MATIC,425 km,209 Wh/km,"89,0 kWh"
Nissan,Leaf e+,340 km,174 Wh/km,"59,0 kWh"
Mercedes-Benz,EQB 350 4MATIC,345 km,193 Wh/km,"66,5 kWh"
Volkswagen,ID. Buzz NWB Pro,360 km,219 Wh/km,"79,0 kWh"
Polestar,2 Long Range Dual Motor,455 km,174 Wh/km,"79,0 kWh"
Kia,e-Niro 64 kWh,375 km,171 Wh/km,"64,0 kWh"
Audi,A6 Sportback e-tron,485 km,156 Wh/km,"75,8 kWh"
Audi,A6 Avant e-tron,475 km,160 Wh/km,"75,8 kWh"
Renault,Zoe ZE40 R110,255 km,161 Wh/km,"41,0 kWh"
Jaguar,I-Pace EV400,380 km,223 Wh/km,"84,7 kWh"
Mini,Aceman E,230 km,167 Wh/km,"38,5 kWh"
Volvo,EX30 Cross Country,320 km,200 Wh/km,"64,0 kWh"
Mercedes-Benz,EQS SUV Maybach 680,490 km,241 Wh/km,"118,0 kWh"
Audi,e-tron 50 quattro,280 km,231 Wh/km,"64,7 kWh"
Maserati,Grecale Folgore,400 km,238 Wh/km,"95,0 kWh"
Tesla,Model 3 Long Range RWD,495 km,152 Wh/km,"75,0 kWh"
Audi,e-tron 55 quattro,365 km,237 Wh/km,"86,5 kWh"
BMW,i7 eDrive50,520 km,196 Wh/km,"101,7 kWh"
Kia,EV4 Sedan Standard Range,355 km,155 Wh/km,"55,0 kWh"
Mini,Countryman SE ALL4,365 km,177 Wh/km,"64,6 kWh"
Skoda,Enyaq Coupe 85x,465 km,166 Wh/km,"77,0 kWh"
Renault,Kangoo Maxi ZE 33,160 km,194 Wh/km,"31,0 kWh"
Porsche,Taycan 4 Cross Turismo,420 km,199 Wh/km,"83,7 kWh"
Polestar,3 Long Range Performance,470 km,228 Wh/km,"107,0 kWh"
Audi,Q4 e-tron 55 quattro,395 km,195 Wh/km,"77,0 kWh"
Citroen,e-C4 54 kWh,335 km,152 Wh/km,"50,8 kWh"
BYD,SEAL 61.4 kWh RWD Comfort,370 km,166 Wh/km,"61,4 kWh"
Honda,e Advance,170 km,168 Wh/km,"28,5 kWh"
Mercedes-Benz,EQB 250,385 km,173 Wh/km,"66,5 kWh"
Polestar,2 Long Range Performance,450 km,176 Wh/km,"79,0 kWh"
Mercedes-Benz,EQE 350,515 km,173 Wh/km,"89,0 kWh"
BMW,iX M70 xDrive,500 km,218 Wh/km,"108,9 kWh"
Mercedes-Benz,EQE SUV 350+,475 km,202 Wh/km,"96,0 kWh"
Opel,Grandland 82 kWh,410 km,200 Wh/km,"82,2 kWh"
Mercedes-Benz,EQE 300,515 km,173 Wh/km,"89,0 kWh"
Lexus,UX 300e,235 km,191 Wh/km,"45,0 kWh"
Opel,Corsa Electric 50 kWh,295 km,157 Wh/km,"46,3 kWh"
Ford,Mustang Mach-E ER AWD,440 km,207 Wh/km,"91,0 kWh"
Porsche,Taycan,495 km,166 Wh/km,"82,3 kWh"
Kia,EV4 Hatchback Standard Range,340 km,162 Wh/km,"55,0 kWh"
Audi,Q8 e-tron 50 quattro,425 km,209 Wh/km,"89,0 kWh"
Mercedes-Benz,EQE SUV 350 4MATIC,435 km,208 Wh/km,"90,6 kWh"
Porsche,Taycan Turbo GT,475 km,204 Wh/km,"97,0 kWh"
BMW,iX3,385 km,192 Wh/km,"74,0 kWh"
Peugeot,e-408 58 kWh,375 km,155 Wh/km,"58,2 kWh"
Fisker,Ocean One,530 km,201 Wh/km,"106,5 kWh"
Opel,Mokka Electric,285 km,178 Wh/km,"50,8 kWh"
Audi,Q6 e-tron Sportback performance,510 km,186 Wh/km,"94,9 kWh"
Mercedes-Benz,EQE 500 4MATIC,505 km,179 Wh/km,"90,6 kWh"
Ford,Focus Electric,105 km,186 Wh/km,"19,6 kWh"
Renault,4 E-Tech 40kWh 120hp,245 km,163 Wh/km,"40,0 kWh"
Volkswagen,ID.7 GTX,485 km,177 Wh/km,"86,0 kWh"
Lightyear,0,550 km,109 Wh/km,"60,0 kWh"
Volvo,XC40 P8 AWD Recharge,335 km,224 Wh/km,"75,0 kWh"
Tesla,Model X Long Range,440 km,216 Wh/km,"95,0 kWh"
Kia,e-Soul 64 kWh,370 km,173 Wh/km,"64,0 kWh"
Volvo,C40 Recharge Twin Motor,400 km,198 Wh/km,"79,0 kWh"
Jaguar,I-Pace EV400,380 km,223 Wh/km,"84,7 kWh"
Nissan,Ariya e-4ORCE 87kWh - 225 kW,405 km,215 Wh/km,"87,0 kWh"
Mercedes-Benz,EQA 250,395 km,168 Wh/km,"66,5 kWh"
Lotus,Eletre R,455 km,240 Wh/km,"109,0 kWh"
Porsche,Taycan Turbo S,400 km,209 Wh/km,"83,7 kWh"
Mercedes-Benz,EQS SUV 580 4MATIC,530 km,223 Wh/km,"118,0 kWh"
Nissan,Townstar EV Passenger,225 km,200 Wh/km,"45,0 kWh"
Lotus,Emeya,520 km,190 Wh/km,"98,9 kWh"
Tesla,Model X Long Range Plus,480 km,204 Wh/km,"98,0 kWh"
Polestar,2 Standard Range Single Motor,345 km,177 Wh/km,"61,0 kWh"
Audi,Q8 e-tron Sportback 55 quattro,525 km,202 Wh/km,"106,0 kWh"
Volkswagen,ID.5 GTX,430 km,179 Wh/km,"77,0 kWh"
Toyota,PROACE Verso L 75 kWh,260 km,262 Wh/km,"68,0 kWh"
Tesla,Model X 90D,395 km,216 Wh/km,"85,5 kWh"
Hyundai,IONIQ 9 Performance AWD,470 km,226 Wh/km,"106,0 kWh"
Ford,Mustang Mach-E SR RWD,385 km,189 Wh/km,"72,6 kWh"
Renault,Zoe R90,255 km,161 Wh/km,"41,0 kWh"
Skoda,CITIGOe iV,205 km,158 Wh/km,"32,3 kWh"
Kia,EV6 Standard Range 2WD,305 km,177 Wh/km,"54,0 kWh"
Volvo,EX40 Twin Motor,385 km,205 Wh/km,"79,0 kWh"
Kia,Soul EV,170 km,176 Wh/km,"30,0 kWh"
MG,MG5 Electric Standard Range,265 km,174 Wh/km,"46,0 kWh"
NIO,EL6 Long Range,435 km,207 Wh/km,"90,0 kWh"
Skoda,Enyaq 85x,440 km,175 Wh/km,"77,0 kWh"
Porsche,Macan Turbo Electric,470 km,202 Wh/km,"95,0 kWh"
Mercedes-Benz,EQS 350,540 km,168 Wh/km,"90,6 kWh"
Volkswagen,ID.4 Pro 4MOTION,435 km,177 Wh/km,"77,0 kWh"
Mercedes-Benz,EQS 580 4MATIC,640 km,184 Wh/km,"118,0 kWh"
Skoda,Enyaq 60,355 km,166 Wh/km,"59,0 kWh"
Hyundai,Kona Electric 64 kWh,390 km,164 Wh/km,"64,0 kWh"
Ford,Mustang Mach-E ER AWD,440 km,207 Wh/km,"91,0 kWh"
Audi,Q4 Sportback e-tron 45,435 km,177 Wh/km,"77,0 kWh"
Audi,e-tron S Sportback,330 km,262 Wh/km,"86,5 kWh"
Aiways,U5,315 km,190 Wh/km,"60,0 kWh"
GWM,ORA 03 48 kWh,260 km,175 Wh/km,"45,4 kWh"
NIO,EL7 Long Range,430 km,209 Wh/km,"90,0 kWh"
Smart,ForTwo Electric Drive,100 km,167 Wh/km,"16,7 kWh"
Mercedes-Benz,EQE SUV 500 4MATIC,435 km,208 Wh/km,"90,6 kWh"
Renault,Zoe R110,250 km,164 Wh/km,"41,0 kWh"
Mercedes-Benz,EQA 350 4MATIC,350 km,190 Wh/km,"66,5 kWh"
SsangYong,Korando e-Motion,290 km,193 Wh/km,"56,0 kWh"
Hongqi,E-HS9 84 kWh,320 km,239 Wh/km,"76,5 kWh"
DS,3 E-Tense,300 km,169 Wh/km,"50,8 kWh"
Opel,Astra Sports Tourer Electric,310 km,164 Wh/km,"50,8 kWh"
Volkswagen,ID.3 Pro S,450 km,171 Wh/km,"77,0 kWh"
Volkswagen,ID.3 Pure Performance,275 km,164 Wh/km,"45,0 kWh"
Audi,e-tron GT RS performance,525 km,185 Wh/km,"97,0 kWh"
Ford,Explorer Extended Range RWD,450 km,176 Wh/km,"79,0 kWh"
Fiat,500e Hatchback 24 kWh,135 km,158 Wh/km,"21,3 kWh"
Audi,SQ6 e-tron,470 km,202 Wh/km,"94,9 kWh"
Ford,Mustang Mach-E ER AWD,440 km,207 Wh/km,"91,0 kWh"
Citroen,C-Zero,85 km,171 Wh/km,"14,5 kWh"
Mercedes-Benz,EQC 400 4MATIC,370 km,216 Wh/km,"80,0 kWh"
Tesla,Model X Performance,470 km,209 Wh/km,"98,0 kWh"
Genesis,G80 Electrified Luxury,440 km,188 Wh/km,"82,5 kWh"
Skoda,Enyaq 60,335 km,173 Wh/km,"58,0 kWh"
Audi,S6 Sportback e-tron,550 km,173 Wh/km,"94,9 kWh"
Kia,Soul EV,155 km,174 Wh/km,"27,0 kWh"
Peugeot,e-2008 50 kWh,270 km,171 Wh/km,"46,3 kWh"
Porsche,Taycan 4S Plus,565 km,172 Wh/km,"97,0 kWh"
Citroen,e-C4 X 54 kWh,330 km,154 Wh/km,"50,8 kWh"
Audi,e-tron Sportback 50 quattro,295 km,219 Wh/km,"64,7 kWh"
Porsche,Taycan GTS,450 km,186 Wh/km,"83,7 kWh"
Volvo,XC40 Recharge Twin Motor,385 km,205 Wh/km,"79,0 kWh"
Kia,e-Soul 64 kWh,370 km,173 Wh/km,"64,0 kWh"
Volvo,XC40 Recharge Pure Electric,305 km,220 Wh/km,"67,0 kWh"
Mercedes-Benz,EQS AMG 53 4MATIC+,585 km,202 Wh/km,"118,0 kWh"
Mercedes-Benz,EQA 300 4MATIC,350 km,190 Wh/km,"66,5 kWh"
Porsche,Taycan Turbo,415 km,202 Wh/km,"83,7 kWh"
Audi,Q4 Sportback e-tron 40,425 km,180 Wh/km,"76,6 kWh"
Smart,#1 Premium,335 km,185 Wh/km,"62,0 kWh"
Audi,e-tron GT RS,525 km,185 Wh/km,"97,0 kWh"
BMW,i3 94 Ah,165 km,165 Wh/km,"27,2 kWh"
BMW,i5 eDrive40 Touring,465 km,175 Wh/km,"81,2 kWh"
Kia,EV9 76.1 kWh RWD,355 km,206 Wh/km,"73,0 kWh"
Alfa,Romeo Junior Elettrica 54 kWh Veloce,310 km,164 Wh/km,"50,8 kWh"
Porsche,Macan 4S Electric,485 km,196 Wh/km,"95,0 kWh"
BMW,i5 eDrive40 Sedan,480 km,169 Wh/km,"81,2 kWh"
Citroen,e-C4,290 km,160 Wh/km,"46,3 kWh"
Renault,Megane E-Tech EV60 130hp,380 km,158 Wh/km,"60,0 kWh"
Volkswagen,ID.3 GTX Performance,460 km,172 Wh/km,"79,0 kWh"
Renault,Megane E-Tech EV40 130hp,260 km,154 Wh/km,"40,0 kWh"
Ford,Explorer Standard Range RWD,305 km,170 Wh/km,"52,0 kWh"
Audi,S6 Avant e-tron,525 km,181 Wh/km,"94,9 kWh"
Aiways,U6,350 km,171 Wh/km,"60,0 kWh"
NIO,ET5 Standard Range,410 km,179 Wh/km,"73,5 kWh"
Mercedes-Benz,EQE SUV 300,450 km,201 Wh/km,"90,6 kWh"
Tesla,Model S 60,345 km,180 Wh/km,"62,0 kWh"
Polestar,2 Standard Range Single Motor,405 km,165 Wh/km,"67,0 kWh"
Skoda,Enyaq iV 50,305 km,170 Wh/km,"52,0 kWh"
Genesis,GV60 Premium,390 km,190 Wh/km,"74,0 kWh"
Peugeot,e-308 SW,300 km,169 Wh/km,"50,8 kWh"
Porsche,Taycan 4S Plus,460 km,182 Wh/km,"83,7 kWh"
Volvo,XC40 Recharge Single Motor,340 km,194 Wh/km,"66,0 kWh"
Porsche,Taycan Turbo GT Weissach,475 km,204 Wh/km,"97,0 kWh"
Renault,Zoe R240,145 km,161 Wh/km,"23,3 kWh"
Volkswagen,ID.3 Pro Performance,350 km,166 Wh/km,"58,0 kWh"
Ford,Mustang Mach-E GT,425 km,214 Wh/km,"91,0 kWh"
Aiways,U5,315 km,190 Wh/km,"60,0 kWh"
MG,MG5 EV,290 km,168 Wh/km,"48,8 kWh"
Mercedes-Benz,EQB 300 4MATIC,340 km,196 Wh/km,"66,5 kWh"
Mercedes-Benz,EQE SUV 500 4MATIC,455 km,211 Wh/km,"96,0 kWh"
Mercedes-Benz,EQV 300 Long,315 km,286 Wh/km,"90,0 kWh"
Volkswagen,ID. Buzz NWB Pure,275 km,215 Wh/km,"59,0 kWh"
Polestar,2 Long Range Performance,450 km,176 Wh/km,"79,0 kWh"
Abarth,500e Hatchback,225 km,168 Wh/km,"37,8 kWh"
Porsche,Taycan Turbo S,525 km,185 Wh/km,"97,0 kWh"
NIO,ET5 Touring Long Range,485 km,186 Wh/km,"90,0 kWh"
Elaris,BEO 86 kWh,390 km,208 Wh/km,"81,0 kWh"
SEAT,Mii Electric,205 km,158 Wh/km,"32,3 kWh"
Lucid,Air Pure RWD,565 km,163 Wh/km,"92,0 kWh"
Mercedes-Benz,EQS 500 4MATIC,645 km,183 Wh/km,"118,0 kWh"
XPENG,P7 AWD Performance,460 km,180 Wh/km,"82,7 kWh"
Volvo,EC40 Single Motor,360 km,186 Wh/km,"67,0 kWh"
Volkswagen,e-Up!,100 km,160 Wh/km,"16,0 kWh"
Mercedes-Benz,eVito Tourer Long 90 kWh,310 km,290 Wh/km,"90,0 kWh"
Mercedes-Benz,EQA 300 4MATIC,350 km,190 Wh/km,"66,5 kWh"
Volvo,EX90 Single Motor,460 km,220 Wh/km,"101,0 kWh"
Porsche,Taycan 4S,490 km,168 Wh/km,"82,3 kWh"
Hongqi,E-HS9 120 kWh,460 km,243 Wh/km,"112,0 kWh"
Audi,Q4 Sportback e-tron 45 quattro,410 km,188 Wh/km,"77,0 kWh"
Mercedes-Benz,EQE 350 4MATIC,515 km,176 Wh/km,"90,6 kWh"
Fiat,500e Cabrio 42 kWh,230 km,162 Wh/km,"37,3 kWh"
Mercedes-Benz,EQS 500 4MATIC,590 km,184 Wh/km,"108,4 kWh"
Skoda,Enyaq Coupe 85,460 km,167 Wh/km,"77,0 kWh"
Audi,Q6 e-tron Sportback quattro,500 km,190 Wh/km,"94,9 kWh"
Porsche,Taycan 4 Cross Turismo,440 km,190 Wh/km,"83,7 kWh"
Porsche,Taycan Plus,475 km,176 Wh/km,"83,7 kWh"
Volkswagen,ID.5 Pro Performance,430 km,179 Wh/km,"77,0 kWh"
e.Go,e.wave X,150 km,180 Wh/km,"27,0 kWh"
Genesis,GV70 Electrified Sport,350 km,211 Wh/km,"74,0 kWh"
Tesla,Model S Standard Range,420 km,173 Wh/km,"72,5 kWh"
Mercedes-Benz,EQE AMG 43 4MATIC,455 km,199 Wh/km,"90,6 kWh"
Mercedes-Benz,EQS SUV 450+,540 km,219 Wh/km,"118,0 kWh"
BMW,i5 xDrive40 Sedan,455 km,178 Wh/km,"81,2 kWh"
Hyundai,Kona Electric 39 kWh,245 km,160 Wh/km,"39,2 kWh"
Volkswagen,ID.4 GTX,400 km,193 Wh/km,"77,0 kWh"
Citroen,e-Berlingo M 50 kWh,205 km,226 Wh/km,"46,3 kWh"
GWM,ORA 07 Pure,350 km,184 Wh/km,"64,3 kWh"
Dacia,Spring Electric 65 Extreme,160 km,156 Wh/km,"25,0 kWh"
Audi,Q4 e-tron 45 quattro,395 km,195 Wh/km,"77,0 kWh"
Peugeot,e-5008 73 kWh Dual Motor,360 km,203 Wh/km,"73,0 kWh"
Tesla,Model X Ludicrous Performance,420 km,226 Wh/km,"95,0 kWh"
Volkswagen,ID.4 Pure Performance,285 km,182 Wh/km,"52,0 kWh"
Dacia,Spring Electric,160 km,156 Wh/km,"25,0 kWh"
Peugeot,e-3008 73 kWh Dual Motor,375 km,195 Wh/km,"73,0 kWh"
Fisker,Ocean Extreme,490 km,217 Wh/km,"106,5 kWh"
Smart,#3 Pro,265 km,177 Wh/km,"47,0 kWh"
Ford,Mustang Mach-E ER AWD,440 km,207 Wh/km,"91,0 kWh"
Mercedes-Benz,EQE SUV AMG 43 4MATIC,425 km,213 Wh/km,"90,6 kWh"
Hyundai,IONIQ 5 Project 45,365 km,192 Wh/km,"70,0 kWh"
Ford,Mustang Mach-E SR RWD,380 km,191 Wh/km,"72,6 kWh"
Toyota,Proace City Verso Electric L1 50 kWh,235 km,213 Wh/km,"50,0 kWh"
Mercedes-Benz,EQT 200 Standard,225 km,200 Wh/km,"45,0 kWh"
Mitsubishi,i-MiEV,85 km,171 Wh/km,"14,5 kWh"
Dacia,Spring Electric,160 km,156 Wh/km,"25,0 kWh"
Mercedes-Benz,EQA 350 4MATIC,350 km,190 Wh/km,"66,5 kWh"
Citroen,e-Berlingo M 50 kWh,235 km,213 Wh/km,"50,0 kWh"
Volkswagen,e-Up!,95 km,168 Wh/km,"16,0 kWh"
Mercedes-Benz,EQB 250+,410 km,172 Wh/km,"70,5 kWh"
Mercedes-Benz,EQS AMG 53 4MATIC+,540 km,200 Wh/km,"107,8 kWh"
Volvo,C40 Recharge Single Motor,355 km,186 Wh/km,"66,0 kWh"
Smart,#3 Pro+,355 km,175 Wh/km,"62,0 kWh"
Lotus,Eletre S,480 km,227 Wh/km,"109,0 kWh"
Porsche,Taycan 4 Cross Turismo,510 km,190 Wh/km,"97,0 kWh"
Audi,Q6 e-tron Sportback,410 km,185 Wh/km,"75,8 kWh"
Tesla,Model S Performance,515 km,184 Wh/km,"95,0 kWh"
Mitsubishi,i-MiEV,85 km,171 Wh/km,"14,5 kWh"
Audi,e-tron 55 quattro,365 km,237 Wh/km,"86,5 kWh"
Mercedes-Benz,EQS 450 4MATIC,605 km,178 Wh/km,"107,8 kWh"
BMW,i5 xDrive40 Touring,445 km,182 Wh/km,"81,2 kWh"
Tesla,Model X P90D,375 km,228 Wh/km,"85,5 kWh"
Ford,Mustang Mach-E SR RWD,365 km,186 Wh/km,"68,0 kWh"
DS,3 Crossback E-Tense,265 km,175 Wh/km,"46,3 kWh"
Polestar,2 Long Range Performance,385 km,195 Wh/km,"75,0 kWh"
Skywell,BE11 Long Range,390 km,208 Wh/km,"81,0 kWh"
Peugeot,e-208 51 kWh,305 km,158 Wh/km,"48,1 kWh"
Volvo,EC40 Twin Motor,400 km,198 Wh/km,"79,0 kWh"
Audi,SQ8 e-tron,455 km,233 Wh/km,"106,0 kWh"
Ford,Mustang Mach-E ER RWD,465 km,189 Wh/km,"88,0 kWh"
Audi,Q4 Sportback e-tron 50 quattro,400 km,192 Wh/km,"76,6 kWh"
Mercedes-Benz,EQA 250+,420 km,168 Wh/km,"70,5 kWh"
Ford,Mustang Mach-E ER AWD,430 km,205 Wh/km,"88,0 kWh"
Volvo,C40 Recharge Single Motor ER,420 km,188 Wh/km,"79,0 kWh"
Peugeot,iOn,85 km,171 Wh/km,"14,5 kWh"
Nissan,e-NV200 Evalia,105 km,210 Wh/km,"22,0 kWh"
Opel,Vivaro-e Combi M 75 kWh,265 km,257 Wh/km,"68,0 kWh"
Audi,Q4 Sportback e-tron 55 quattro,415 km,186 Wh/km,"77,0 kWh"
Ford,Capri Standard Range RWD,320 km,163 Wh/km,"52,0 kWh"
Zeekr,001 Privilege AWD,480 km,196 Wh/km,"94,0 kWh"
Volvo,EX40 Twin Motor Performance,380 km,208 Wh/km,"79,0 kWh"
Alpine,A290 Electric 180 hp,310 km,168 Wh/km,"52,0 kWh"
Mercedes-Benz,EQS 580 4MATIC,595 km,181 Wh/km,"107,8 kWh"
Volkswagen,ID.3 Pro S - 4 Seats,450 km,171 Wh/km,"77,0 kWh"
Fisker,Ocean Ultra,510 km,209 Wh/km,"106,5 kWh"
GWM,ORA 03 GT,325 km,182 Wh/km,"59,3 kWh"
Fiat,500e 3+1 42 kWh,235 km,159 Wh/km,"37,3 kWh"
MG,MG5 EV Long Range,340 km,169 Wh/km,"57,4 kWh"
BYD,DOLPHIN 44.9 kWh Boost,260 km,173 Wh/km,"44,9 kWh"
Skoda,Enyaq RS,435 km,177 Wh/km,"77,0 kWh"
Opel,Mokka-e,255 km,182 Wh/km,"46,3 kWh"
Polestar,2 Standard Range Single Motor,380 km,176 Wh/km,"67,0 kWh"
GWM,ORA 03 63 kWh,340 km,174 Wh/km,"59,3 kWh"
Lotus,Emeya R,465 km,213 Wh/km,"98,9 kWh"
Opel,Combo-e Life 50 kWh,205 km,226 Wh/km,"46,3 kWh"
Audi,SQ6 e-tron Sportback,495 km,192 Wh/km,"94,9 kWh"
Skoda,Enyaq Coupe RS,450 km,171 Wh/km,"77,0 kWh"
BMW,i5 M60 xDrive Sedan,430 km,189 Wh/km,"81,2 kWh"
Tesla,Model S 70,340 km,196 Wh/km,"66,5 kWh"
Renault,Zoe R90,255 km,161 Wh/km,"41,0 kWh"
Kia,e-Soul 64 kWh,370 km,173 Wh/km,"64,0 kWh"
Volkswagen,ID. Buzz NWB GTX,335 km,236 Wh/km,"79,0 kWh"
Peugeot,iOn,85 km,171 Wh/km,"14,5 kWh"
MG,Cyberster Trophy,430 km,173 Wh/km,"74,4 kWh"
Peugeot,e-Expert Combi Standard 75 kWh,265 km,257 Wh/km,"68,0 kWh"
Audi,e-tron S,320 km,270 Wh/km,"86,5 kWh"
Abarth,600e Scorpionissima,280 km,181 Wh/km,"50,8 kWh"
Mini,Cooper JCW,290 km,170 Wh/km,"49,2 kWh"
Citroen,e-C4,280 km,165 Wh/km,"46,3 kWh"
Skoda,Enyaq Coupe iV RS,430 km,179 Wh/km,"77,0 kWh"
Lucid,Air Dream Edition P,665 km,177 Wh/km,"118,0 kWh"
GWM,ORA 07 GT,430 km,194 Wh/km,"83,5 kWh"
Volkswagen,ID.5 Pure,320 km,163 Wh/km,"52,0 kWh"
Mercedes-Benz,eVito Tourer Long 41 kWh,120 km,292 Wh/km,"35,0 kWh"
Mercedes-Benz,EQE 500 4MATIC,505 km,179 Wh/km,"90,6 kWh"
Volkswagen,ID.5 GTX,405 km,190 Wh/km,"77,0 kWh"
Smart,#1 Pro,250 km,188 Wh/km,"47,0 kWh"
Ford,Mustang Mach-E GT,425 km,214 Wh/km,"91,0 kWh"
Skoda,Enyaq Coupe 60,370 km,159 Wh/km,"59,0 kWh"
Renault,Zoe Q90,245 km,167 Wh/km,"41,0 kWh"
Citroen,e-C4 54 kWh,330 km,154 Wh/km,"50,8 kWh"
DS,N°8 FWD,425 km,174 Wh/km,"74,0 kWh"
Audi,Q8 e-tron Sportback 50 quattro,445 km,200 Wh/km,"89,0 kWh"
Audi,e-tron Sportback 55 quattro,380 km,228 Wh/km,"86,5 kWh"
Skoda,Enyaq Coupe 85x,455 km,169 Wh/km,"77,0 kWh"
Opel,Mokka-e 54 kWh,290 km,175 Wh/km,"50,8 kWh"
Porsche,Taycan 4S Cross Turismo,420 km,199 Wh/km,"83,7 kWh"
VinFast,VF 8 Eco Extended Range,405 km,217 Wh/km,"87,7 kWh"
Mercedes-Benz,EQE AMG 53 4MATIC+,450 km,201 Wh/km,"90,6 kWh"
Skoda,Enyaq Coupe iV 80,445 km,173 Wh/km,"77,0 kWh"
Volkswagen,ID.3 Pro S - 4 Seats,455 km,169 Wh/km,"77,0 kWh"
Mercedes-Benz,EQE AMG 43 4MATIC,450 km,201 Wh/km,"90,6 kWh"
BMW,i5 M60 xDrive Touring,415 km,196 Wh/km,"81,2 kWh"
Hyundai,IONIQ 5 Standard Range AWD,290 km,186 Wh/km,"54,0 kWh"
Toyota,PROACE Verso L 75 kWh,260 km,262 Wh/km,"68,0 kWh"
Porsche,Taycan Plus Sport Turismo,530 km,183 Wh/km,"97,0 kWh"
Mini,Aceman JCW,280 km,176 Wh/km,"49,2 kWh"
Porsche,Taycan Turbo,535 km,181 Wh/km,"97,0 kWh"
Nissan,Ariya e-4ORCE 87kWh - 320 kW Nismo,385 km,226 Wh/km,"87,0 kWh"
Porsche,Taycan GTS,535 km,181 Wh/km,"97,0 kWh"
Genesis,GV60 Sport Plus,365 km,203 Wh/km,"74,0 kWh"
Volvo,C40 Recharge Pure Electric,335 km,200 Wh/km,"67,0 kWh"
Porsche,Taycan 4 Plus,565 km,172 Wh/km,"97,0 kWh"
BMW,i5 xDrive40 Sedan,465 km,175 Wh/km,"81,2 kWh"
Tesla,Model X Performance,430 km,221 Wh/km,"95,0 kWh"
Mercedes-Benz,EQE SUV AMG 53 4MATIC+,420 km,216 Wh/km,"90,6 kWh"
Tesla,Model S 70,345 km,200 Wh/km,"69,0 kWh"
Tesla,Model S 60D,345 km,180 Wh/km,"62,0 kWh"
CUPRA,Born 170 kW - 58 kWh,345 km,168 Wh/km,"58,0 kWh"
Ford,Mustang Mach-E SR AWD,335 km,203 Wh/km,"68,0 kWh"
Fiat,500e 3+1 24 kWh,135 km,158 Wh/km,"21,3 kWh"
Ford,Mustang Mach-E ER RWD,480 km,190 Wh/km,"91,0 kWh"
Jaguar,I-Pace EV320,380 km,223 Wh/km,"84,7 kWh"
Porsche,Taycan Sport Turismo,380 km,187 Wh/km,"71,0 kWh"
Tesla,Model S 90D,445 km,192 Wh/km,"85,5 kWh"
Opel,Zafira-e Life L 75 kWh,260 km,262 Wh/km,"68,0 kWh"
Toyota,Proace City Verso Electric L2 50 kWh,230 km,217 Wh/km,"50,0 kWh"
BMW,i5 M60 xDrive Touring,425 km,191 Wh/km,"81,2 kWh"
JAC,iEV7s,225 km,173 Wh/km,"39,0 kWh"
Peugeot,e-Expert Combi Long 75 kWh,260 km,262 Wh/km,"68,0 kWh"
Porsche,Taycan 4S Cross Turismo,510 km,190 Wh/km,"97,0 kWh"
Maserati,GranCabrio Folgore,395 km,210 Wh/km,"83,0 kWh"
Opel,Zafira-e Life L3 75 kWh,260 km,262 Wh/km,"68,0 kWh"
Renault,Zoe Q90,245 km,167 Wh/km,"41,0 kWh"
Tesla,Model X Long Range,435 km,218 Wh/km,"95,0 kWh"
Smart,EQ fortwo cabrio,95 km,176 Wh/km,"16,7 kWh"
Smart,#1 Pure+,335 km,185 Wh/km,"62,0 kWh"
Nissan,Ariya e-4ORCE 87kWh - 290 kW,405 km,215 Wh/km,"87,0 kWh"
Volkswagen,ID.3 Pro S - 5 Seats,450 km,171 Wh/km,"77,0 kWh"
Mercedes-Benz,EQS SUV 580 4MATIC,485 km,224 Wh/km,"108,4 kWh"
Volvo,EC40 Twin Motor Performance,400 km,198 Wh/km,"79,0 kWh"
Peugeot,e-Traveller L3 75 kWh,260 km,262 Wh/km,"68,0 kWh"
Ford,Mustang Mach-E Rally,410 km,222 Wh/km,"91,0 kWh"
DS,3 Crossback E-Tense,255 km,182 Wh/km,"46,3 kWh"
Mercedes-Benz,EQS SUV 500 4MATIC,530 km,223 Wh/km,"118,0 kWh"
Smart,#1 Pure,250 km,188 Wh/km,"47,0 kWh"
Citroen,e-C4 X,295 km,157 Wh/km,"46,3 kWh"
Mercedes-Benz,EQV 300 Extra-Long,310 km,290 Wh/km,"90,0 kWh"
Lotus,Emeya S,520 km,190 Wh/km,"98,9 kWh"
Audi,Q4 Sportback e-tron 35,300 km,173 Wh/km,"52,0 kWh"
Citroen,e-Jumpy Combi M 75 kWh,265 km,257 Wh/km,"68,0 kWh"
Volkswagen,ID.5 Pro Performance,430 km,179 Wh/km,"77,0 kWh"
Smart,#1 Pulse,325 km,191 Wh/km,"62,0 kWh"
Kia,e-Niro 39 kWh,235 km,167 Wh/km,"39,2 kWh"
Seres,3,255 km,196 Wh/km,"50,0 kWh"
Mercedes-Benz,EQE 350 4MATIC,505 km,179 Wh/km,"90,6 kWh"
Fiat,500e Cabrio 24 kWh,135 km,158 Wh/km,"21,3 kWh"
Peugeot,e-Rifter M 50 kWh,235 km,213 Wh/km,"50,0 kWh"
Mercedes-Benz,EQS SUV 450 4MATIC,490 km,221 Wh/km,"108,4 kWh"
Toyota,PROACE Verso M 50 kWh,180 km,257 Wh/km,"46,3 kWh"
Volvo,XC40 Recharge Twin Pure Electric,335 km,224 Wh/km,"75,0 kWh"
Volvo,XC40 Recharge Twin Pure Electric,350 km,214 Wh/km,"75,0 kWh"
Mercedes-Benz,EQS 450 4MATIC,610 km,178 Wh/km,"108,4 kWh"
Audi,SQ8 e-tron Sportback,480 km,221 Wh/km,"106,0 kWh"
Toyota,Proace City Verso Electric L1 50 kWh,210 km,220 Wh/km,"46,3 kWh"
Mercedes-Benz,eVito Tourer Long 90 kWh,320 km,281 Wh/km,"90,0 kWh"
Tesla,Model X Standard Range,355 km,204 Wh/km,"72,5 kWh"
Tesla,Model X Performance,440 km,216 Wh/km,"95,0 kWh"
Volkswagen,ID.4 Pro 4MOTION,405 km,190 Wh/km,"77,0 kWh"
ORA,Funky Cat 48 kWh,260 km,175 Wh/km,"45,4 kWh"
Volkswagen,ID.5 Pro,430 km,179 Wh/km,"77,0 kWh"
Opel,Combo-e Life 50 kWh,235 km,213 Wh/km,"50,0 kWh"
Smart,ForFour Electric Drive,95 km,176 Wh/km,"16,7 kWh"
Peugeot,Partner Tepee Electric,100 km,205 Wh/km,"20,5 kWh"
Smart,EQ forfour,95 km,176 Wh/km,"16,7 kWh"
Ford,Mustang Mach-E SR AWD,350 km,207 Wh/km,"72,6 kWh"
Ford,Mustang Mach-E SR AWD,350 km,207 Wh/km,"72,6 kWh"
NIO,ET5 Touring Standard Range,400 km,184 Wh/km,"73,5 kWh"
NIO,EL8 Standard Range,365 km,201 Wh/km,"73,5 kWh"
Citroen,e-SpaceTourer XL 50 kWh,180 km,257 Wh/km,"46,3 kWh"
Smart,EQ fortwo coupe,100 km,167 Wh/km,"16,7 kWh"
Audi,e-tron S,320 km,270 Wh/km,"86,5 kWh"
Porsche,Taycan Sport Turismo,460 km,179 Wh/km,"82,3 kWh"
Skoda,Enyaq 50,310 km,168 Wh/km,"52,0 kWh"
Hyundai,Kona Electric 39 kWh,245 km,160 Wh/km,"39,2 kWh"
Genesis,GV60 Sport,380 km,195 Wh/km,"74,0 kWh"
Ford,Mustang Mach-E SR RWD,375 km,187 Wh/km,"70,0 kWh"
Toyota,PROACE Verso M 75 kWh,260 km,262 Wh/km,"68,0 kWh"
Porsche,Taycan 4,490 km,168 Wh/km,"82,3 kWh"
Nissan,Townstar EV Passenger L2,220 km,205 Wh/km,"45,0 kWh"
Citroen,C-Zero,85 km,171 Wh/km,"14,5 kWh"
Tesla,Model S P90D,405 km,211 Wh/km,"85,5 kWh"
ORA,Funky Cat GT,330 km,180 Wh/km,"59,3 kWh"
NIO,EL6 Standard Range,365 km,201 Wh/km,"73,5 kWh"
Citroen,E-Berlingo Multispace,100 km,205 Wh/km,"20,5 kWh"
Ford,Mustang Mach-E ER RWD,480 km,190 Wh/km,"91,0 kWh"
Porsche,Taycan Turbo S Sport Turismo,505 km,192 Wh/km,"97,0 kWh"
Skywell,BE11 Standard Range,330 km,206 Wh/km,"68,0 kWh"
Sono,Sion,260 km,181 Wh/km,"47,0 kWh"
Fisker,Ocean Sport,350 km,203 Wh/km,"71,0 kWh"
Porsche,Taycan 4S Plus,480 km,174 Wh/km,"83,7 kWh"
Mercedes-Benz,EQE AMG 43 4MATIC,450 km,201 Wh/km,"90,6 kWh"
Audi,Q4 e-tron 45 quattro,385 km,199 Wh/km,"76,6 kWh"
Renault,Kangoo Grand E-Tech Electric,220 km,205 Wh/km,"45,0 kWh"
Mercedes-Benz,EQS SUV 450+,500 km,217 Wh/km,"108,4 kWh"
NIO,EL7 Standard Range,355 km,207 Wh/km,"73,5 kWh"
Abarth,500e Convertible,225 km,168 Wh/km,"37,8 kWh"
Porsche,Taycan Turbo,445 km,188 Wh/km,"83,7 kWh"
Mercedes-Benz,EQV 300 Extra-Long,315 km,286 Wh/km,"90,0 kWh"
Tesla,Model S P90DL,405 km,211 Wh/km,"85,5 kWh"
BMW,i3s 94 Ah,160 km,170 Wh/km,"27,2 kWh"
Volvo,C40 Recharge Twin Pure Electric,360 km,208 Wh/km,"75,0 kWh"
Peugeot,e-Rifter Long 50 kWh,200 km,232 Wh/km,"46,3 kWh"
Citroen,e-SpaceTourer M 75 kWh,260 km,262 Wh/km,"68,0 kWh"
Ford,Mustang Mach-E GT,425 km,214 Wh/km,"91,0 kWh"
Jeep,Avenger Electric 1st Edition,310 km,164 Wh/km,"50,8 kWh"
Peugeot,e-Expert Combi Standard 50 kWh,185 km,250 Wh/km,"46,3 kWh"
GWM,ORA 07 Pro,350 km,184 Wh/km,"64,3 kWh"
Kia,e-Soul 39 kWh,230 km,170 Wh/km,"39,2 kWh"
Porsche,Taycan,420 km,169 Wh/km,"71,0 kWh"
BMW,i5 xDrive40 Touring,440 km,185 Wh/km,"81,2 kWh"
Volkswagen,ID.5 GTX,405 km,190 Wh/km,"77,0 kWh"
Mercedes-Benz,EQT 200 Long,220 km,205 Wh/km,"45,0 kWh"
Citroen,e-Berlingo XL 50 kWh,205 km,226 Wh/km,"46,3 kWh"
Volkswagen,ID.5 Pro,430 km,179 Wh/km,"77,0 kWh"
Audi,e-tron Sportback 50 quattro,295 km,219 Wh/km,"64,7 kWh"
Ford,Mustang Mach-E SR AWD,345 km,203 Wh/km,"70,0 kWh"
Tesla,Model S 70D,355 km,194 Wh/km,"69,0 kWh"
Toyota,PROACE Verso M 75 kWh,265 km,257 Wh/km,"68,0 kWh"
Porsche,Taycan Plus Sport Turismo,445 km,188 Wh/km,"83,7 kWh"
Porsche,Taycan Plus,485 km,173 Wh/km,"83,7 kWh"
Abarth,600e Turismo,280 km,181 Wh/km,"50,8 kWh"
Audi,e-tron S Sportback,335 km,258 Wh/km,"86,5 kWh"
Peugeot,e-Rifter Standard 50 kWh,205 km,226 Wh/km,"46,3 kWh"
Mercedes-Benz,EQA 250+,420 km,168 Wh/km,"70,5 kWh"
Fiat,E-Ulysse L2 75 kWh,265 km,257 Wh/km,"68,0 kWh"
Ford,Mustang Mach-E GT,410 km,215 Wh/km,"88,0 kWh"
Mercedes-Benz,EQS 500 4MATIC,590 km,183 Wh/km,"107,8 kWh"
Ford,Mustang Mach-E GT,425 km,214 Wh/km,"91,0 kWh"
Mercedes-Benz,EQE SUV 350+,450 km,201 Wh/km,"90,6 kWh"
Porsche,Taycan Turbo S,430 km,195 Wh/km,"83,7 kWh"
VinFast,VF 8 Plus Extended Range,400 km,219 Wh/km,"87,7 kWh"
Porsche,Taycan 4S Cross Turismo,440 km,190 Wh/km,"83,7 kWh"
Mercedes-Benz,EQS AMG 53 4MATIC+,535 km,203 Wh/km,"108,4 kWh"
Porsche,Taycan Turbo Cross Turismo,495 km,196 Wh/km,"97,0 kWh"
Audi,Q4 Sportback e-tron 35,295 km,176 Wh/km,"52,0 kWh"
Mercedes-Benz,EQE 500 4MATIC,505 km,179 Wh/km,"90,6 kWh"
Peugeot,e-Traveller Long 75 kWh,260 km,262 Wh/km,"68,0 kWh"
Opel,Vivaro-e Combi M 50 kWh,185 km,250 Wh/km,"46,3 kWh"
Mercedes-Benz,EQS SUV 500 4MATIC,490 km,221 Wh/km,"108,4 kWh"
Porsche,Taycan Turbo Cross Turismo,395 km,212 Wh/km,"83,7 kWh"
Mini,Cooper SE Convertible,165 km,175 Wh/km,"28,9 kWh"
Porsche,Taycan Turbo S Cross Turismo,485 km,200 Wh/km,"97,0 kWh"
Porsche,Taycan GTS Sport Turismo,505 km,192 Wh/km,"97,0 kWh"
Tesla,Model X 60D,285 km,218 Wh/km,"62,0 kWh"
Citroen,e-SpaceTourer M 50 kWh,185 km,250 Wh/km,"46,3 kWh"
Mercedes-Benz,eVito Tourer Extra-Long 90 kWh,305 km,295 Wh/km,"90,0 kWh"
Mercedes-Benz,eVito Tourer Long 60 kWh,210 km,286 Wh/km,"60,0 kWh"
Mercedes-Benz,EQE 350,510 km,175 Wh/km,"89,0 kWh"
Opel,Combo-e Life XL 50 kWh,230 km,217 Wh/km,"50,0 kWh"
Lucid,Air Pure AWD,560 km,164 Wh/km,"92,0 kWh"
Opel,Vivaro-e Combi L 75 kWh,260 km,262 Wh/km,"68,0 kWh"
Porsche,Taycan Turbo Sport Turismo,505 km,192 Wh/km,"97,0 kWh"
Peugeot,e-Traveller L2 50 kWh,180 km,257 Wh/km,"46,3 kWh"
Opel,Vivaro-e Combi L 50 kWh,180 km,257 Wh/km,"46,3 kWh"
Ford,Mustang Mach-E ER RWD,480 km,190 Wh/km,"91,0 kWh"
Opel,Zafira-e Life L2 75 kWh,260 km,262 Wh/km,"68,0 kWh"
Citroen,e-Berlingo XL 50 kWh,230 km,217 Wh/km,"50,0 kWh"
Peugeot,e-Rifter XL 50 kWh,230 km,217 Wh/km,"50,0 kWh"
Smart,EQ fortwo cabrio,95 km,176 Wh/km,"16,7 kWh"
Tesla,Model X Ludicrous Performance,440 km,216 Wh/km,"95,0 kWh"
Citroen,e-Jumpy Combi M 50 kWh,185 km,250 Wh/km,"46,3 kWh"
Mercedes-Benz,EQE AMG 53 4MATIC+,450 km,201 Wh/km,"90,6 kWh"
Renault,Zoe R90 Entry,140 km,166 Wh/km,"23,3 kWh"
Porsche,Taycan GTS Sport Turismo,425 km,197 Wh/km,"83,7 kWh"
Smart,ForTwo Cabrio Electric Drive,95 km,176 Wh/km,"16,7 kWh"
Peugeot,e-Traveller Standard 75 kWh,265 km,257 Wh/km,"68,0 kWh"
Porsche,Taycan 4S Plus Sport Turismo,510 km,190 Wh/km,"97,0 kWh"
Toyota,PROACE Verso L 50 kWh,180 km,257 Wh/km,"46,3 kWh"
Mercedes-Benz,EQE AMG 53 4MATIC+,455 km,199 Wh/km,"90,6 kWh"
Porsche,Taycan Turbo Cross Turismo,425 km,197 Wh/km,"83,7 kWh"
Peugeot,e-Traveller L2 75 kWh,260 km,262 Wh/km,"68,0 kWh"
Citroen,e-SpaceTourer M 75 kWh,265 km,257 Wh/km,"68,0 kWh"
Mercedes-Benz,eVito Tourer Extra-Long 41 kWh,120 km,292 Wh/km,"35,0 kWh"
Abarth,500e Scorpionissima,225 km,168 Wh/km,"37,8 kWh"
Porsche,Taycan 4S Sport Turismo,440 km,187 Wh/km,"82,3 kWh"
Mercedes-Benz,EQV 250 Extra-Long,210 km,286 Wh/km,"60,0 kWh"
Porsche,Taycan Turbo S Cross Turismo,380 km,220 Wh/km,"83,7 kWh"
Citroen,e-SpaceTourer XL 75 kWh,260 km,262 Wh/km,"68,0 kWh"
Opel,Zafira-e Life L3 50 kWh,180 km,257 Wh/km,"46,3 kWh"
Skoda,Enyaq iV RS,420 km,183 Wh/km,"77,0 kWh"
Citroen,e-SpaceTourer XL 50 kWh,180 km,257 Wh/km,"46,3 kWh"
Opel,Combo-e Life XL 50 kWh,200 km,232 Wh/km,"46,3 kWh"
Opel,Vivaro-e Combi S 50 kWh,185 km,250 Wh/km,"46,3 kWh"
Citroen,e-SpaceTourer XL 75 kWh,260 km,262 Wh/km,"68,0 kWh"
Porsche,Taycan 4S,415 km,171 Wh/km,"71,0 kWh"
Opel,Zafira-e Life M 75 kWh,265 km,257 Wh/km,"68,0 kWh"
Citroen,e-Jumpy Combi XL 75 kWh,260 km,262 Wh/km,"68,0 kWh"
Kia,e-Soul 39.2 kWh,230 km,170 Wh/km,"39,2 kWh"
Ford,Mustang Mach-E SR AWD,345 km,203 Wh/km,"70,0 kWh"
ORA,Funky Cat 63 kWh,340 km,174 Wh/km,"59,3 kWh"
Tesla,Model X P90DL,375 km,228 Wh/km,"85,5 kWh"
Kia,e-Niro 39 kWh,235 km,167 Wh/km,"39,2 kWh"
Skoda,Enyaq Coupe iV 60,345 km,168 Wh/km,"58,0 kWh"
Skoda,Enyaq Coupe iV 80x,435 km,177 Wh/km,"77,0 kWh"
Opel,Zafira-e Life L 50 kWh,180 km,257 Wh/km,"46,3 kWh"
Peugeot,e-Traveller Standard 50 kWh,185 km,250 Wh/km,"46,3 kWh"
Porsche,Taycan 4S Sport Turismo,370 km,192 Wh/km,"71,0 kWh"
Skoda,Enyaq Coupe 60,345 km,168 Wh/km,"58,0 kWh"
Mercedes-Benz,eVito Tourer Long 60 kWh,220 km,273 Wh/km,"60,0 kWh"
Ford,Mustang Mach-E SR RWD,375 km,187 Wh/km,"70,0 kWh"
Fiat,E-Ulysse L3 75 kWh,260 km,262 Wh/km,"68,0 kWh"
Toyota,Proace City Verso Electric L2 50 kWh,205 km,226 Wh/km,"46,3 kWh"
Opel,Zafira-e Life L2 50 kWh,180 km,257 Wh/km,"46,3 kWh"
Porsche,Taycan Turbo Sport Turismo,405 km,207 Wh/km,"83,7 kWh"
Audi,Q4 Sportback e-tron 45 quattro,400 km,192 Wh/km,"76,6 kWh"
Citroen,e-SpaceTourer M 50 kWh,180 km,257 Wh/km,"46,3 kWh"
Opel,Zafira-e Life M 50 kWh,185 km,250 Wh/km,"46,3 kWh"
Mercedes-Benz,eVito Tourer Extra-Long 60 kWh,205 km,293 Wh/km,"60,0 kWh"
Mercedes-Benz,EQV 250 Long,215 km,279 Wh/km,"60,0 kWh"
Mercedes-Benz,EQV 250 Extra-Long,205 km,293 Wh/km,"60,0 kWh"
Peugeot,e-Expert Combi Long 50 kWh,185 km,250 Wh/km,"46,3 kWh"
Kia,e-Soul 39 kWh,230 km,170 Wh/km,"39,2 kWh"
Citroen,e-SpaceTourer XS 50 kWh,185 km,250 Wh/km,"46,3 kWh"
Mercedes-Benz,EQV 250 Long,205 km,293 Wh/km,"60,0 kWh"
Toyota,PROACE Shuttle M 75 kWh,265 km,257 Wh/km,"68,0 kWh"
Kia,e-Niro 39 kWh,235 km,167 Wh/km,"39,2 kWh"
Toyota,PROACE Shuttle M 50 kWh,185 km,250 Wh/km,"46,3 kWh"
Mercedes-Benz,eVito Tourer Extra-Long 60 kWh,215 km,279 Wh/km,"60,0 kWh"
Peugeot,e-Traveller L3 50 kWh,180 km,257 Wh/km,"46,3 kWh"
Toyota,PROACE Shuttle L 75 kWh,260 km,262 Wh/km,"68,0 kWh"
Mercedes-Benz,EQE SUV 300,440 km,202 Wh/km,"89,0 kWh"
Opel,Zafira-e Life S 50 kWh,185 km,250 Wh/km,"46,3 kWh"
Peugeot,e-Traveller Compact 50 kWh,185 km,250 Wh/km,"46,3 kWh"
Citroen,e-Jumpy Combi XS 50 kWh,185 km,250 Wh/km,"46,3 kWh"
Tesla,Model S P90DL,405 km,211 Wh/km,"85,5 kWh"
Toyota,PROACE Verso M 50 kWh,185 km,250 Wh/km,"46,3 kWh"
Toyota,PROACE Shuttle L 50 kWh,180 km,257 Wh/km,"46,3 kWh"
Porsche,Taycan Turbo S Sport Turismo,395 km,212 Wh/km,"83,7 kWh"
Peugeot,e-Traveller Long 50 kWh,185 km,250 Wh/km,"46,3 kWh"
Citroen,e-Jumpy Combi XL 50 kWh,180 km,257 Wh/km,"46,3 kWh"
Peugeot,e-Expert Combi Compact 50 kWh,185 km,250 Wh/km,"46,3 kWh"
Porsche,Taycan 4S Plus Sport Turismo,430 km,195 Wh/km,"83,7 kWh"
Fiat,E-Ulysse L3 50 kWh,180 km,257 Wh/km,"46,3 kWh"
Porsche,Taycan Turbo S Cross Turismo,410 km,204 Wh/km,"83,7 kWh"
Tesla,Model X Performance,420 km,226 Wh/km,"95,0 kWh"
Fiat,E-Ulysse L2 50 kWh,185 km,250 Wh/km,"46,3 kWh"
